{
    "StartScreen": {
        "GameObjects": [
            {
                "name": "World",
                "TextureComponent": {
                    "filename": "./assets/images/background.bmp"
                }
            },
            {
                "name": "Text",
                "TextureComponent": {
                    "filename": "./assets/images/startScreen.bmp"
                }
            }
        ]
    },
    "Level": {
        "GameObjects": [
            {
                "name": "World",
                "TextureComponent": {
                    "filename": "./assets/images/background.bmp"
                },
                "TilemapComponent": {
                    "tileset": "./assets/images/tileset.bmp",
                    "oneTileSize": 32,
                    "xTiles": 4,
                    "yTiles": 2,
                    "map": "./assets/maps/testmap.map",
                    "mapWidth": 32,
                    "mapHeight": 24
                }
            },
            {
                "name": "Player",
                "TransformComponent": {
                    "w": 32,
                    "h": 32
                },
                "TextureComponent": {
                    "filename": "./assets/images/player.bmp"
                },
                "AnimatedTextureComponent": {
                    "filename": "./assets/player.json"
                },
                "AudioComponent": {
                    "filename": "./assets/sound/jump.wav"
                }
            }
        ]
    },
    "GameOver": {
        "GameObjects": [
            {
                "name": "World",
                "TextureComponent": {
                    "filename": "./assets/images/background.bmp"
                }
            },
            {
                "name": "Text",
                "TextureComponent": {
                    "filename": "./assets/images/gameOver.bmp"
                }
            }
        ]
    },
    "Victory": {
        "GameObjects": [
            {
                "name": "World",
                "TextureComponent": {
                    "filename": "./assets/images/background.bmp"
                }
            },
            {
                "name": "Text",
                "TextureComponent": {
                    "filename": "./assets/images/victory.bmp"
                }
            }
        ]
    }
}